{
    "Dukungan": {
        "saya khawatir": 1.9063424049353728,
        "membutuhkan": 1.8793741022199768,
        "dipahami": 1.7339014932066943,
        "kurang": 1.6385576172306973,
        "merasa kelelahan": 1.5863227085334601,
        "saya membutuhkan": 1.5475019604911227,
        "tidur karena": 1.4293235744106776,
        "kurang tidur": 1.4293235744106776,
        "kelelahan secara": 1.4280565637068505,
        "secara fisik": 1.4256914230922304,
        "fisik": 1.4256914230922304,
        "dipahami ketika": 1.4254388073692734,
        "tidak dipahami": 1.4254388073692734,
        "memengaruhi": 1.4009886275837442,
        "fisik karena": 1.3843116965454685,
        "kelelahan": 1.3316952812824383,
        "kewalahan dengan": 1.2954049832376555,
        "khawatir": 1.2416960789529972,
        "pengalaman": 1.2347160175687697,
        "cukup": 1.2083157133360332,
        "ingin mengetahui": 1.1641004864251874,
        "yang sering": 1.1387786879330282,
        "kesehatan": 1.1293940334233254,
        "saya menurun": 1.1293940334233254,
        "kondisi kesehatan": 1.1293940334233254,
        "menurun": 1.1293940334233254,
        "kesehatan saya": 1.1293940334233254,
        "membuat kondisi": 1.1293940334233254,
        "mengalami kesulitan": 1.0935349747379308,
        "tidur": 1.084784875379075,
        "kerap": 1.0745927363094683,
        "dukungan": 1.042812340813576,
        "dapat": 1.0254957148532375,
        "membutuhkan informasi": 1.022616272252256
    },
    "Gangguan Psikologis Pendamping": {
        "akhir": 2.653224257489978,
        "kesulitan mengendalikan": 2.211839542735958,
        "emosi": 2.211839542735958,
        "mengendalikan": 2.211839542735958,
        "mengendalikan emosi": 2.211839542735958,
        "lelah": 1.8493161744421953,
        "merasa khawatir": 1.7065317196838077,
        "sangat lelah": 1.6347586444636,
        "mudah": 1.6211043515169457,
        "sedih": 1.3705232199022603,
        "merasa sedih": 1.3705232199022603,
        "karena harus": 1.352955591595728,
        "akhir akhir": 1.326612128744989,
        "akhir ini": 1.326612128744989,
        "anak membuat": 1.278565029485871,
        "sulit merasa": 1.1919062372537759,
        "merasa tenang": 1.1919062372537759,
        "tenang": 1.1919062372537759,
        "sering merasa": 1.1885734548550932,
        "saya mudah": 1.1722729078736212,
        "mudah merasa": 1.1722729078736212,
        "tidak sanggup": 1.160329043321004,
        "sanggup menghadapi": 1.160329043321004,
        "sanggup": 1.160329043321004,
        "terus": 1.1538340236171087,
        "emosi saat": 1.1530421048001116,
        "menyerah": 1.1121473955370855,
        "ingin menyerah": 1.1121473955370855,
        "memikirkan": 1.1077710386421629,
        "cemas": 1.1055372713048555,
        "merasa cemas": 1.1055372713048555,
        "kondisi anak": 1.0889312553732495,
        "belum": 1.0743654946453653,
        "anak belum": 1.0723081147404052,
        "saya mulai": 1.0633927054882437,
        "mulai merasa": 1.0633927054882437,
        "terbebani": 1.0285515011645074,
        "merasa terbebani": 1.0285515011645074,
        "terapi anak": 1.0227468812562892
    },
    "Kebutuhan Informasi": {
        "bingung": 2.2194837342956646,
        "bantuan": 2.2067312226526345,
        "masih": 2.029987794322585,
        "layanan": 2.0035709380569733,
        "saya masih": 1.9528424896938807,
        "anak sering": 1.9011079202726138,
        "mengakses layanan": 1.8673901008077394,
        "mengakses": 1.8673901008077394,
        "cara": 1.8183839237999897,
        "mencari": 1.675449929174094,
        "dengan kebutuhan": 1.6192738692624784,
        "informasi mengenai": 1.5782442490462363,
        "mencari informasi": 1.526516540901937,
        "sedang mencari": 1.526516540901937,
        "masih bingung": 1.4891362856994836,
        "profesional": 1.4869957658590485,
        "bantuan profesional": 1.4869957658590485,
        "terapi yang": 1.4743893389834835,
        "membuat saya": 1.391821703583891,
        "mengenai cara": 1.3833444995158333,
        "kesulitan mengakses": 1.3824832639519327,
        "mendapatkan bantuan": 1.3820196995793643,
        "sesuai dengan": 1.3482488949771876,
        "saya sedang": 1.3432386082661307,
        "informasi": 1.341134536334279,
        "bingung bagaimana": 1.313177003843823,
        "bagaimana": 1.313177003843823,
        "panduan untuk": 1.2946462706428485,
        "panduan": 1.2946462706428485,
        "membutuhkan panduan": 1.2946462706428485,
        "salah": 1.285020352856022,
        "terbesar": 1.285020352856022,
        "satu": 1.285020352856022,
        "salah satu": 1.285020352856022,
        "layanan karena": 1.2503923195005062,
        "saya belum": 1.2439379112609197,
        "sedang": 1.183464259721482,
        "membutuhkan bantuan": 1.1809079463201573,
        "kesulitan mendapatkan": 1.1635622946438045,
        "menghadapinya": 1.1590160140854668,
        "untuk menghadapinya": 1.1590160140854668,
        "layanan yang": 1.1166755852906052,
        "menjadi salah": 1.1013868450200077,
        "kesulitan": 1.0824323491111847,
        "bantuan karena": 1.0797679581269826,
        "bergantung": 1.0785469178629103,
        "bergantung pada": 1.0785469178629103,
        "untuk mengelola": 1.0530935447900753,
        "mengelola": 1.0530935447900753,
        "saya kesulitan": 1.0520091978565467,
        "saya bingung": 1.039940994250975,
        "bingung dan": 1.039940994250975,
        "profesional untuk": 1.0353253478089326,
        "sering membuat": 1.0292335042193335,
        "saya membutuhkan": 1.0241504525019183,
        "tantangan terbesar": 1.0123684334139387,
        "satu tantangan": 1.0123684334139387,
        "rutinitas mendampingi": 1.004304813185115,
        "hari sering": 1.004304813185115
    },
    "Masalah Lain": {
        "pekerjaan": 2.886837588149022,
        "bekerja": 1.9592360788067444,
        "rumah": 1.4631538231847534,
        "jam": 1.435330627754802,
        "menghambat": 1.416625176292272,
        "kerja": 1.373077263270679,
        "saya kesulitan": 1.330122499910492,
        "membuat": 1.315802637693496,
        "administrasi": 1.2775015247808241,
        "telah": 1.2324709724570488,
        "tempat tinggal": 1.1671928976751675,
        "tinggal yang": 1.1671928976751675,
        "tinggal": 1.1671928976751675,
        "sering menghambat": 1.1629449235474878,
        "sering bermasalah": 1.1591627182167472,
        "bermasalah": 1.1591627182167472,
        "stabil": 1.1546153356172089,
        "sering mengalami": 1.1277151656427136,
        "kesulitan menjaga": 1.1088810979294734,
        "internet": 1.1020193303724248,
        "sistem": 1.0821721307023147,
        "saya miliki": 1.0790787426225903,
        "miliki": 1.0790787426225903,
        "mengganggu": 1.0729742302768552,
        "mengganggu aktivitas": 1.0729742302768552,
        "anggaran": 1.0373402467119726,
        "membuat pekerjaan": 1.0358756121456203,
        "menyelesaikan": 1.0193562221109798
    }
}